<?xml version="1.0" encoding="utf-8"?>
<!-- $Id: helloworld.xml 14 2009-11-02 18:35:20Z chdemko $ -->
<extension type="component" version="1.6.0" method="upgrade">
	<name>Hello World!</name>
	<!-- The following elements are optional and free of formatting conttraints -->
	<creationDate>November 2009</creationDate>
	<author>John Doe</author>
	<authorEmail>john.doe@example.org</authorEmail>
	<authorUrl>http://www.example.org</authorUrl>
	<copyright>Copyright Info</copyright>
	<license>License Info</license>
	<!--  The version string is recorded in the components table -->
	<version>0.0.3</version>
	<!-- The description is optional and defaults to the name -->
	<description>Description of the Hello World component ...</description>

	<!-- Site Main File Copy Section -->
	<!-- Note the folder attribute: This attribute describes the folder
		to copy FROM in the package to install therefore files copied
		in this section are copied from /site/ in the package -->
	<files folder="site">
		<filename>index.html</filename>
		<filename>helloworld.php</filename>
		<filename>controller.php</filename>
		<folder>views</folder>
	</files>

	<administration>
		<!-- Administration Menu Section -->
		<menu>Hello World!</menu>
		<!-- Administration Main File Copy Section -->
		<!-- Note the folder attribute: This attribute describes the folder
			to copy FROM in the package to install therefore files copied
			in this section are copied from /admin/ in the package -->
		<files folder="admin">
			<!-- Site Main File Copy Section -->
			<filename>index.html</filename>
			<filename>helloworld.php</filename>
		</files>		
	</administration>
</extension>

